País ,Novedades,Historia /Contexto legal,Barómetro,Recomendación de viaje,Imágenes,,,,,
España,"En diciembre de 2024, los mensajes de odio hacia el colectivo LGTBIQ+ en redes sociales aumentaron un 130%. Las organizaciones están preocupadas por el impacto en el colectivo.","España legalizó el matrimonio igualitario en 2005. En 2022, aprobó una ley ampliada para garantizar los derechos LGTBIQ+, consolidando su posición como un referente en Europa.",5,"Es un destino seguro para la comunidad LGTBIQA+ con barrios como la Gayxample en Barcelona y Chueca en Madrid que son LGTBIQA+. Fue el cuarto país del mundo en aprobar el matrimonio entre personas del colectivo, así que disfruta de la cultura y sé libre para estar, querer y exponerte con quién quieras (y si te quieres casar aquí, súuper welcome ;). ",Notícias actualizadas de ilga.com ,https://database.ilga.org/spain-lgbti,,,,
Afganistán,"""El régimen talibán sigue aplicando castigos severos contra la homosexualidad, incluyendo la pena de muerte.""","En Afganistán, la homosexualidad está criminalizada bajo leyes de la Sharía desde hace décadas. El regreso del régimen talibán en 2021 ha intensificado la persecución.",1,"Es recomendable no ir o si se va, con muchísima precaución sin mostrar afecto en público. Recomendamos no usar apps de citas porque suelen haber encuentros homófobos. ",https://database.ilga.org/afghanistan-lgbti,,,,,
Estados Unidos,"En 2024, varios estados aprobaron leyes restrictivas para personas transgénero, generando protestas a nivel nacional. El matrimonio igualitario sigue protegido a nivel federal.",El matrimonio igualitario fue reconocido a nivel federal en 2015 tras el fallo de la Corte Suprema en el caso Obergefell vs. Hodges.,5,"Es un destino seguro para la comunidad LGTBIQA+. Sin embargo, dependiendo del estado al que viajes y de su lesgilación, puedes recibir algún que otro rechazo social. Pero en general, disfruta de la cultura y eventos locales, y recuerda que en Stonewall (Nueva York) empezó todo y que en San Francisco puedes encontrar el barrio LGTBIQA+. ",https://database.ilga.org/united-states-of-america-lgbti,,,,,
Brasil,El Congreso de Brasil aprobó en 2024 nuevas políticas para garantizar la igualdad de derechos de las personas transgénero.,Brasil legalizó el matrimonio igualitario en 2013 y cuenta con una de las legislaciones más inclusivas de América Latina en cuanto a derechos LGTBIQ+.,4,"A pesar de que es un destino seguro y de que la representación del colectivo LGTBIQA+ es muy significativa en medios, en sus festividades (Carnavales) y en la cultura; conviene mantenerse atente a las diferencias culturales en ciertas regiones, sobre todo fuera de las grandes ciudades y en especial las personas transexuales, ya que son el centro de las agresiones homófobas. ",https://database.ilga.org/brasil-lgbti-es,,,,,
Sudáfrica,"Sudáfrica continúa siendo pionera en derechos LGTBIQ+ en África, pero enfrenta desafíos en áreas rurales en 2024.","Sudáfrica fue el primer país africano en legalizar el matrimonio igualitario en 2006, pero aún enfrenta retos en cuanto a la aceptación social.",4,"Es el destino más seguro de toda África para la comunidad LGTBIQA+, sobre todo Ciudad del Cabo (De Waterkant) es un refugio LGBTQ+ con eventos destacados.",https://database.ilga.org/russia-lgbti,,,,,
Rusia,"En 2024, se reforzaron las restricciones hacia actividades LGTBIQ+ en Rusia, incluyendo propaganda de diversidad sexual.",Rusia implementó leyes anti-LGTBIQ+ en 2013 y ha aumentado la represión hacia activistas en los últimos años.,1,"Es recomendable no ir o si se va, con muchísima precaución sin mostrar afecto en público. Recomendamos no usar apps de citas porque suelen haber encuentros homófobos. Moscú y San Petersburgo tienen una comunidad LGBTQ+ subterránea pero activa.",https://database.ilga.org/russia-lgbti,,,,,
India,"India sigue avanzando en derechos transgénero tras el fallo de 2018 que despenalizó la homosexualidad.
","India despenalizó la homosexualidad en 2018 bajo el fallo del Tribunal Supremo, pero los derechos transgénero enfrentan grandes retos.",2,"A pesar de que está discriminalizado ser del colectivo LGTBIQA+, recomendamo ser discretes porque sigue siendo un país muy conservador. De hecho, las demostraciones públicos de afecto son mal vistas tanto para las parejas homosexuales como para las heterosexuales. Sin embargo, Delhi y Mumbai lideran en la creciente aceptación LGBTQ+.",https://database.ilga.org/india-lgbti,,,,,
China,China mantiene un discurso restrictivo hacia la comunidad LGTBIQ+ mientras crecen redes de apoyo entre activistas.,"La homosexualidad no está criminalizada en China, pero los derechos LGTBIQ+ están restringidos por un control social y político estricto.",3,"China sigue siendo un país conservador en este aspecto. A pesar de que, al ser turistas, no son tan estrictos, no están bien vistas las muestras de cariño en público. No está criminalizado pero sí es algo que la sociedad rechaza. Sin embargo, Shanghái y Pekín tienen pequeñas pero activas comunidades LGBTQ+.",https://database.ilga.org/hong-kong-china-lgbti,,,,,
Canadá,Canadá reafirmó su compromiso con los derechos LGTBIQ+ a nivel internacional en el último foro global de 2024.,Canadá fue uno de los primeros países en legalizar el matrimonio igualitario en 2005 y promueve políticas inclusivas a nivel global.,5,"Fue el tercer país del mundo el legalizar matrimonios del colectivo LGTBIQA+ . Tienen festivales dedicados al orgullo, barrios en numerosas ciudades y mucha vida y ambiente alrededor del colectivo. ",https://database.ilga.org/canada-lgbti,,,,,
Australia,"Australia destacó por avances en leyes de adopción para parejas del mismo sexo en 2024.
",Australia legalizó el matrimonio igualitario en 2017 y continúa avanzando en igualdad de derechos en adopción y reconocimiento legal.,5,Es un destino súper LGTBIQA+ friendly. Sídney (Oxford Street) y Melbourne ofrecen eventos icónicos como el Mardi Gras LGBTQ+.,https://database.ilga.org/australia-lgbti,,,,,
México,México reforzó leyes contra crímenes de odio y lanzó campañas de sensibilización en 2024.,México legalizó el matrimonio igualitario en todos los estados en 2022 y continúa promoviendo la igualdad de derechos.,3,"A pesar de que la ley protege a las personas del colectivo LGTBIQA+, no es 100% seguro las muestras de cariño en público y se puede recibir rechazo social sobre todo en zonas rurales. Las ciudades más LGTBIQA+ friendlys del país son:  Puerto Vallarta, Ciudad de México y Riviera Maya. ",https://database.ilga.org/mexico-lgbti,,,,,
Alemania,"Alemania introdujo una ley para mejorar la protección de los derechos transgénero en 2024.
",Alemania legalizó el matrimonio igualitario en 2017 y tiene fuertes protecciones legales para la comunidad LGTBIQ+.,5,Es un destino seguro para la comunidad LGTBIQA+. Berlín es la capital LGBTQA+ de Europa con el barrio de Schöneberg como epicentro.,https://database.ilga.org/germany-lgbti,,,,,
Italia,"Italia continúa con debates políticos intensos sobre el reconocimiento de derechos LGTBIQ+ en 2024.
","Italia ha sido más lenta en reconocer derechos LGTBIQ+, pero desde 2016 permite uniones civiles entre personas del mismo sexo.",4,"Milán y Roma tienen una vibrante escena LGBTQ+, con eventos como el Pride de Milán. Sin embargo, la sociedad italiana es más religiosa y conservadora que en el resto del centro de Europa, por eso, se puede llegar a recibir rechazo social sobre todo en las zonas más rurales.  ",,,,,,
Francia,"Francia aprobó una reforma en 2024 para simplificar procesos legales para personas transgénero.
",Francia legalizó el matrimonio igualitario en 2013 y sigue siendo un defensor activo de los derechos LGTBIQ+ en Europa.,5,"Francia siempre ha sido un país pionero en las libertades individuales y colectivas. París, especialmente Le Marais, es ideal para la comunidad LGBTQ+.",,,,,,
Japón,"Japón debatió en 2024 sobre la legalización del matrimonio igualitario, aunque no se alcanzó consenso.
","Japón no ha legalizado el matrimonio igualitario, pero ha permitido uniones civiles en algunas ciudades desde 2015.",4,"Shinjuku Ni-chome en Tokio es el lugar más gay-friendly del país. Sin embargo, no están bien vistas las muestras de afecto en público, tanto en parejas del colectivo como en parejas heterosexuales. ",,,,,,
Reino Unido,El Reino Unido impulsó en 2024 nuevas leyes para abordar los crímenes de odio contra la comunidad LGTBIQ+.,El Reino Unido legalizó el matrimonio igualitario en 2014 y ha continuado con políticas progresistas para la comunidad LGTBIQ+.,5,"Es un destino seguro para la comunidad LGTBIQA+. Londres, especialmente Soho, es un destino icónico para la comunidad LGBTQ+.",,,,,,
Argentina,Argentina celebró en 2024 el décimo aniversario de su Ley de Identidad de Género con nuevas iniciativas educativas.,"Argentina lidera en derechos LGTBIQ+ en América Latina, siendo pionera en legalizar el matrimonio igualitario en 2010.",5,Es de los destinos más abiertos y seguros para la comunidad LGTBIQA+ de toda Latinoamérica. Buenos Aires es famosa por su diversidad y eventos como el Festival Internacional de Cine LGBTIQ+.,,,,,,
Arabia Saudita,"Arabia Saudita mantiene restricciones severas hacia la comunidad LGTBIQ+, con castigos que incluyen la pena de muerte.","Arabia Saudita penaliza severamente la homosexualidad bajo leyes islámicas estrictas, con castigos que incluyen la pena de muerte.",1,"Es recomendable no ir o si se va, con muchísima precaución sin mostrar afecto en público. Recomendamos no usar apps de citas porque suelen haber encuentros homófobos. ",,,,,,
Nigeria,"Nigeria incrementó las restricciones legales hacia actividades LGTBIQ+ en 2024, con penas severas por actos homosexuales.","Nigeria aprobó en 2014 leyes estrictas contra las relaciones homosexuales, con penas que van desde prisión hasta la pena de muerte.",1,"Es recomendable no ir o si se va, con muchísima precaución sin mostrar afecto en público. Recomendamos no usar apps de citas porque suelen haber encuentros homófobos. ",,,,,,
Egipto,Egipto continúa con arrestos arbitrarios hacia personas percibidas como LGTBIQ+ en 2024.,"Egipto utiliza leyes de moralidad para perseguir a la comunidad LGTBIQ+, con arrestos y juicios basados en pruebas ambiguas.
",2,"Es recomendable no ir o si se va, con muchísima precaución sin mostrar afecto en público. Recomendamos no usar apps de citas porque suelen haber encuentros homófobos. ",,,,,,
Corea del Sur,"Corea del Sur debatió en 2024 sobre la introducción de leyes para proteger los derechos LGTBIQ+, aunque enfrentó oposición política.","Corea del Sur no tiene leyes específicas contra la homosexualidad, pero enfrenta discriminación social significativa.
",4,"Es un destino seguro para la comunidad LGTBIQ+. En Seúl, el barrio de Itaewon es conocido por ser un espacio acogedor para la comunidad LGBTQ+, con bares, clubes y eventos inclusivos. El Seoul Queer Culture Festival también es un evento anual destacado para la comunidad. Sin embargo, fuera de Seúl, la visibilidad LGBTQ+ puede ser limitada, por lo que es recomendable actuar con discreción en áreas más tradicionales.",,,,,,
Tailandia,Tailandia avanzó en 2024 con un proyecto de ley para reconocer uniones civiles para parejas del mismo sexo.,"Tailandia es considerada un país progresista en Asia, aunque aún no ha legalizado el matrimonio igualitario.
",4,Es un destino seguro para la comunidad LGTBIQ+. Disfruta de la cultura y eventos locales. Bangkok (Silom Soi 4) y Phuket son paraísos LGBTQ+.,,,,,,
Sudán,"Sudán continúa criminalizando la homosexualidad bajo estrictas leyes de la Sharía en 2024.
","Sudán criminaliza severamente la homosexualidad bajo leyes de la Sharía, con penas que incluyen la muerte.",1,"Es recomendable no ir o si se va, con muchísima precaución sin mostrar afecto en público. Recomendamos no usar apps de citas porque suelen haber encuentros homófobos. ",,,,,,
Irán,"Irán sigue aplicando penas de muerte y encarcelamientos por actos homosexuales en 2024.
","Irán aplica penas severas contra la homosexualidad, incluyendo la pena de muerte en casos de repetición.",1,"Es recomendable no ir o si se va, con muchísima precaución sin mostrar afecto en público. Recomendamos no usar apps de citas porque suelen haber encuentros homófobos. ",,,,,,
Turquía,"Turquía restringió nuevamente las marchas del orgullo en 2024, citando razones de seguridad público.
","Turquía tiene leyes ambiguas, pero persigue activamente a organizaciones y eventos LGTBIQ+ bajo pretextos de seguridad.",3,Se recomienda viajar con precaución y evitar las manifestaciones de afecto en público y zonas rurales. ,,,,,,
Pakistán,"Pakistán intensificó en 2024 las restricciones legales contra personas transgénero y la comunidad LGTBIQ+.
",Pakistán persigue judicialmente a la comunidad LGTBIQ+ bajo leyes de moralidad y religión estrictas.,1,"Es recomendable no ir o si se va, con muchísima precaución sin mostrar afecto en público. Recomendamos no usar apps de citas porque suelen haber encuentros homófobos. ",,,,,,
Filipinas,"Filipinas discutió un proyecto de ley en 2024 para fortalecer las protecciones legales contra la discriminación.
",Filipinas tiene protecciones legales limitadas para la comunidad LGTBIQ+ y enfrenta desafíos culturales importantes.,4,"Filipinas es abierta e integradora, pero el panorama no es tan LGTBIQA+ friendly si vamos a islas que son musulmanas. ",,,,,,
Indonesia,"Indonesia aplicó nuevas políticas restrictivas hacia los derechos LGTBIQ+ en varias provincias en 2024.
","Indonesia mantiene una postura conservadora hacia la homosexualidad, con varias provincias implementando leyes restrictivas.",3,"Se recomienda viajar con precaución y evitar las manifestaciones de afecto en público y zonas rurales. Varia mucho dependiendo de la zona que visites, pero en general, se debe ir con precaución y ser discretxs. ",,,,,,
Nueva Zelanda,"Nueva Zelanda expandió sus políticas inclusivas en 2024, destacando en derechos transgénero.
",Nueva Zelanda es reconocida por sus políticas inclusivas y avanzadas para la comunidad LGTBIQ+.,5,Auckland y Wellington ofrecen un ambiente inclusivo con festivales y bares LGBTQ+.,,,,,,
Vietnam,Vietnam implementó nuevas iniciativas educativas para combatir el estigma hacia la comunidad LGTBIQ+ en 2024.,"Vietnam promueve gradualmente una mayor aceptación social, aunque carece de protecciones legales específicas.",4,Ciudad Ho Chi Minh y Hanói tienen una creciente comunidad LGBTQ+ con cafés y bares inclusivos.,,,,,,
Noruega,"Noruega sigue liderando en igualdad de derechos, con nuevas políticas educativas sobre diversidad en 2024.","Noruega lidera en igualdad de derechos, habiendo legalizado el matrimonio igualitario en 2009.",5,"Oslo es muy LGBTQ+ friendly, destacando el Oslo Pride.",,,,,,
Suecia,"Suecia reforzó en 2024 los derechos transgénero, asegurando mejores accesos a servicios de salud.",Suecia fue pionera en legalizar el matrimonio igualitario en 2009 y continúa con políticas progresistas.,5,"Estocolmo es un destino LGBTQ+ acogedor, con eventos como el Pride de Estocolmo.",,,,,,
Finlandia,"Finlandia aprobó una ley para garantizar la autodeterminación de género en 2024.
",Finlandia permitió el matrimonio igualitario en 2017 y tiene leyes avanzadas sobre derechos transgénero.,5,Helsinki tiene una activa comunidad LGBTQ+ y organiza el Helsinki Pride.,,,,,,
Dinamarca,"Dinamarca lanzó campañas nacionales de sensibilización para combatir la discriminación en 2024.
","Dinamarca fue el primer país en permitir uniones civiles en 1989, legalizando el matrimonio igualitario en 2012.",5,Copenhague es histórica por ser el primer país en reconocer uniones homosexuales.,,,,,,
Islandia,"Islandia destacó por promover la inclusión laboral de personas transgénero con nuevas políticas en 2024.
","Islandia destaca por su igualdad legal y cultural, siendo uno de los países más progresistas en derechos LGTBIQ+.",5,Se dice de Islandia que es el paraíso LGTBIQA+ porque TODO es gay friendly. Reikiavik es conocida por su aceptación y eventos como el Pride Islandés y es la única calle del mundo que está pintada con la bandera que acaba en la iglesia principal de la capital. ,,,,,,
Uruguay,Uruguay se destacó en 2024 por ampliar los derechos de adopción para parejas del mismo sexo.,Uruguay fue pionero en América Latina al legalizar el matrimonio igualitario en 2013.,5,Montevideo y Punta del Este son muy inclusivos y seguros para personas LGBTQ+.,,,,,,
Venezuela,Venezuela implementó medidas parciales en 2024 para garantizar el acceso a servicios de salud inclusivos.,Venezuela tiene limitados avances legales en derechos LGTBIQ+ debido a la situación política y social.,3,Se recomienda viajar con precaución y evitar las manifestaciones de afecto en público y zonas rurales. Caracas tiene una modesta pero creciente escena LGBTQ+ en clubes y bares.,,,,,,
Perú,Perú promovió campañas educativas en 2024 para reducir el acoso escolar hacia jóvenes LGTBIQ+.,"Perú no reconoce el matrimonio igualitario ni uniones civiles, pero cuenta con protección limitada contra la discriminación.",3,"Se recomienda viajar con precaución y evitar las manifestaciones de afecto en público y zonas rurales.  Lima tiene una comunidad vibrante, destacando Barranco por su ambiente inclusivo.",,,,,,
Bolivia,Bolivia fortaleció las leyes contra crímenes de odio hacia personas LGTBIQ+ en 2024.,"Bolivia tiene leyes que protegen parcialmente contra la discriminación, pero no reconoce matrimonios igualitarios.",4,"Es un destino relativamente seguro, pero ofrece más protección que sus países vecinos. Busca eventos inclusivos en las principales ciudades.. La Paz y Santa Cruz están desarrollando espacios seguros para la comunidad LGBTQ+.",,,,,,
Ecuador,Ecuador lanzó una campaña nacional en 2024 para promover la igualdad de derechos de personas transgénero.,Ecuador legalizó el matrimonio igualitario en 2019 y cuenta con protecciones contra la discriminación.,4,"Es un destino relativamente seguro, pero ofrece más protección que sus países vecinos.Quito y Guayaquil lideran con eventos como el Pride de Quito.",,,,,,
Guatemala,Guatemala enfrenta desafíos significativos en 2024 para implementar leyes contra la discriminación.,"Guatemala no reconoce derechos LGTBIQ+, y enfrenta barreras sociales y culturales para avanzar.
",3,"Se recomienda viajar con precaución y evitar las manifestaciones de afecto en público y zonas rurales. A pesar de ello, está creciendo un movimiento por parte del colectivo y Ciudad de Guatemala tiene bares y espacios LGBTQ+ emergentes.",,,,,,
El Salvador,El Salvador trabajó en colaboración con ONG para lanzar programas educativos sobre diversidad en 2024.,"El Salvador no reconoce el matrimonio igualitario y tiene avances limitados en derechos LGTBIQ+.
",3,"Se recomienda viajar con precaución y evitar las manifestaciones de afecto en público y zonas rurales. Sin embargo, San Salvador tiene una pequeña pero valiente escena LGBTQ+.",,,,,,
Honduras,"Honduras reportó un aumento en ataques contra personas LGTBIQ+ en 2024, generando condenas internacionales.","Honduras tiene leyes restrictivas hacia el colectivo LGTBIQ+ y enfrenta altos índices de violencia.
",3,"Se recomienda viajar con precaución, ya que es de los destinos que menos protección ofrece al colectivo LGTBIQA+. A pesar de ello, Tegucigalpa cuenta con algunos espacios inclusivos para la comunidad LGBTQ+.",,,,,,
Nicaragua,Nicaragua mantiene rezagos legales en el reconocimiento de derechos para personas LGTBIQ+ en 2024.,Nicaragua no cuenta con protecciones legales significativas para el colectivo LGTBIQ+.,3,Se recomienda viajar con precaución y evitar las manifestaciones de afecto en público y zonas rurales. Managua y León tienen un incipiente movimiento LGBTQ+.,,,,,,
Costa Rica,Costa Rica lidera en Centroamérica con protecciones legales hacia el colectivo LGTBIQ+ en 2024.,"Costa Rica legalizó el matrimonio igualitario en 2020, siendo pionera en la región.",5,Es un destino seguro para la comunidad LGTBIQ+. San José es un referente LGBTQ+ en Centroamérica con eventos como el Pride local.,,,,,,
Panamá,Panamá implementó en 2024 leyes que fortalecen los derechos laborales para personas transgénero.,"Panamá no ha legalizado el matrimonio igualitario, pero avanza en protecciones laborales y sociales.",4,"Es un destino relativamente seguro, pero es preferible evitar muestras de cariño en público, sobre todo en áreas rurales. Ciudad de Panamá tiene una comunidad LGBTQ+ activa y creciente.",,,,,,
Cuba,Cuba organizó su primera marcha del orgullo reconocida oficialmente en 2024.,Cuba aprobó el matrimonio igualitario en 2022 y sigue promoviendo derechos LGTBIQ+ gradualmente.,5,"Es un destino seguro para la comunidad LGTBIQ+. La Habana es conocida por su ambiente LGBTQ+ inclusivo, con eventos liderados por Mariela Castro.",,,,,,
Repúblico Dominicana,Repúblico Dominicana enfrenta retos para aprobar leyes que protejan al colectivo LGTBIQ+ en 2024.,Repúblico Dominicana no reconoce derechos legales para personas LGTBIQ+ y enfrenta barreras culturales significativas.,3,Se recomienda viajar con precaución y evitar las manifestaciones de afecto en público y zonas rurales.  Santo Domingo tiene una pequeña pero vibrante comunidad LGBTQ+.,,,,,,
Puerto Rico,Puerto Rico aprobó en 2024 reformas para garantizar la igualdad de oportunidades laborales para personas transgénero.,"Puerto Rico reconoce el matrimonio igualitario desde 2015 como parte de las leyes de EE.UU.
",5,"Es un destino seguro para la comunidad LGTBIQ+. San Juan, especialmente el área de Condado, es muy gay-friendly.",,,,,,
Jamaica,"Jamaica sigue siendo uno de los países más peligrosos para personas LGTBIQ+ en 2024, según informes internacionales.",Jamaica criminaliza la homosexualidad con penas severas y enfrenta altos niveles de violencia hacia el colectivo.,2,Es de los destinos de América más inseguros para el colectivo. Se recomienda viajar con precaución y no mostrar afecto en público. Montego Bay y algunos resorts privados son los lugares más seguros para LGBTQ+.,,,,,,
Bélgica,Bélgica lanzó en 2024 una campaña para reducir la discriminación hacia personas transgénero.,Bélgica fue uno de los primeros países en legalizar el matrimonio igualitario en 2003.,5,"Fue el segundo país del mundo en legalizar el matrimonio LGTBIQA+. Bruselas, especialmente el barrio de Saint-Jacques, es inclusivo y vibrante.",,,,,,
Países Bajos,Países Bajos lideró en Europa en 2024 con iniciativas educativas sobre inclusión LGTBIQ+ para jóvenes.,Países Bajos fue el primer país en el mundo en legalizar el matrimonio igualitario en 2001.,5,Fue el primer país del mundo en legalizar el matrimonio LGTBIQA+. Ámsterdam es un ícono LGBTQ+ global con eventos como el Canal Pride.,,,,,,
Suiza,Suiza promovió reformas legales en 2024 para simplificar el cambio de género en documentos oficiales.,"Suiza legalizó el matrimonio igualitario en 2022, fortaleciendo derechos LGTBIQ+.",5,"Es un destino seguro para la comunidad LGTBIQA+, a pesar de ser el último que legalizó los matrimonios LGTBIQA+ en la Unión Europea. Zúrich y Ginebra son altamente inclusivas y organizan Pride anualmente.",,,,,,
Portugal,Portugal aprobó en 2024 nuevas leyes para garantizar los derechos de jóvenes transgénero.,Portugal legalizó el matrimonio igualitario en 2010 y cuenta con políticas inclusivas avanzadas.,5,Es un destino seguro para la comunidad LGTBIQA+. Lisboa y Oporto tienen una escena LGBTQ+ activa y amigable.,,,,,,
Malta,Malta fortaleció en 2024 las leyes de protección hacia personas transgénero y no binarias.,"Malta es conocida por sus leyes progresistas, como la Ley de Identidad de Género de 2015.",5,"Es un destino seguro para la comunidad LGTBIQA+. Valeta y sus alrededores son muy inclusivos, con leyes LGTBIQA+ progresistas",,,,,,
Grecia,Grecia reforzó las leyes contra crímenes de odio hacia el colectivo LGTBIQ+ en 2024.,Grecia aprobó uniones civiles para parejas del mismo sexo en 2015 y sigue avanzando en igualdad.,5,Es un destino seguro para la comunidad LGTBIQA+. Atenas y Mykonos son destinos favoritos de la comunidad LGBTQ+.,,,,,,
Irlanda,Irlanda lanzó en 2024 una iniciativa para promover la inclusión de personas LGTBIQ+ en el ámbito laboral.,Irlanda legalizó el matrimonio igualitario en 2015 mediante un referéndum histórico.,5,"Es un destino seguro para la comunidad LGTBIQ+, a pesar de poder recibir rechazo social ya que es una sociedad más religiosa y conservadora. Dublín, especialmente el barrio de Temple Bar, es muy gay-friendly.",,,,,,
Polonia,Polonia enfrenta en 2024 crecientes críticas internacionales por zonas libres de ideología LGTBI.,Polonia tiene una legislación restrictiva hacia el colectivo LGTBIQ+ y barreras significativas para avanzar.,3,Se recomienda viajar con precaución y evitar las manifestaciones de afecto en público y zonas rurales. Varsovia y Cracovia lideran la tímida apertura LGBTQ+ del país.,,,,,,
Hungría,"Hungría implementó en 2024 leyes adicionales que restringen la representación LGTBIQ+ en educación y medios.
",Hungría ha sido criticada por políticas regresivas hacia los derechos LGTBIQ+,4,Es un destino relativamente seguro. Busca eventos inclusivos en las principales ciudades. Budapest es el epicentro LGBTQ+ con su Budapest Pride.,,,,,,
Ucrania,Ucrania avanzó en 2024 con protecciones legales para parejas del mismo sexo impulsadas por estándares europeos.,Ucrania debate la legalización de uniones civiles como parte de su alineación con la Unión Europea.,3,Se recomienda viajar con precaución y evitar las manifestaciones de afecto en público y zonas rurales. Kiev tiene una comunidad emergente con eventos como el KyivPride.,,,,,,
Estonia,Estonia aprobó en 2024 nuevas leyes que reconocen uniones civiles para parejas del mismo sexo.,Estonia fue uno de los primeros países del Báltico en avanzar en derechos LGTBIQ+.,4,Es un destino relativamente seguro. Busca eventos inclusivos en las principales ciudades. Tallin es inclusiva y organiza el Baltic Pride.,,,,,,
Letonia,Letonia discutió en 2024 reformas legales para proteger a personas transgénero contra la discriminación.,"Letonia enfrenta retos significativos en derechos LGTBIQ+, pero hay movimientos sociales activos.",4,"Es un destino relativamente seguro. Busca eventos inclusivos en las principales ciudades. Riga es el centro LGBTQ+ del país, con bares y eventos inclusivos.",,,,,,
Lituania,"Lituania lanzó una campaña educativa en 2024 para reducir el estigma hacia la comunidad LGTBIQ+.
","Lituania tiene restricciones legales hacia el colectivo, pero hay esfuerzos de organizaciones locales por el cambio.",4,Es un destino relativamente seguro. Busca eventos inclusivos en las principales ciudades. Vilna tiene una pequeña pero creciente escena LGBTQ+.,,,,,,
Chequia,Chequia avanzó en 2024 hacia la legalización del matrimonio igualitario con un proyecto en el parlamento,"Chequia permite uniones civiles desde 2006, pero aún no reconoce matrimonios igualitarios.",4,"Es un destino relativamente seguro. Busca eventos inclusivos en las principales ciudades. Praga es conocida por su vibrante ambiente LGBTQ+, incluyendo el Pride de Praga.",,,,,,
Eslovaquia,Eslovaquia enfrenta retos significativos para avanzar en derechos LGTBIQ+ en 2024.,"Eslovaquia no reconoce uniones civiles ni matrimonios igualitarios, pero hay protecciones limitadas.""",4,Es un destino relativamente seguro. Busca eventos inclusivos en las principales ciudades. Bratislava tiene un modesto pero acogedor espacio LGBTQ+.,,,,,,
Luxemburgo,Luxemburgo lanzó en 2024 nuevas iniciativas para fomentar la igualdad LGTBIQ+ en el ámbito educativo.,Luxemburgo legalizó el matrimonio igualitario en 2015 y tiene una legislación inclusiva avanzada.,5,Es un destino seguro para la comunidad LGTBIQ+. Luxemburgo Ciudad es amigable y organiza eventos LGBTQ+ anuales.,,,,,,
Andorra,"Andorra aprobó en 2024 leyes para mejorar la protección laboral de personas transgénero.
",Andorra legalizó el matrimonio igualitario en 2020 y sigue promoviendo la inclusión social.,5,"Es un destino seguro para la comunidad LGTBIQ+. La comunidad LGBTQ+ es discreta, pero se siente segura viajando por todo el país.",,,,,,
Mónaco,"Mónaco discutió en 2024 la introducción de uniones civiles para parejas del mismo sexo.
","Mónaco no reconoce el matrimonio igualitario, pero ha comenzado a debatir derechos para el colectivo LGTBIQ+.",5,"Es un destino seguro para la comunidad LGTBIQ+. A pesar de ser muy pequeño, los visitantes LGTBIQA+ son bienvenidos en eventos y locales selectos.",,,,,,
Liechtenstein,Liechtenstein avanzó en 2024 con leyes que fortalecen los derechos de las parejas del mismo sexo.,"Liechtenstein reconoce uniones civiles desde 2011, pero no permite matrimonios igualitarios.",5,"Es un destino seguro para la comunidad LGTBIQ+. La comunidad es pequeña, pero se considera un lugar seguro y tranquilo para LGBTQ+.",,,,,,
San Marino,"San Marino aprobó en 2024 medidas contra la discriminación hacia personas LGTBIQ+ en servicios públicos.
",San Marino reconoció uniones civiles para parejas del mismo sexo en 2018.,3,"Aunque pequeño, es inclusivo y puedes combinarlo con la vibrante escena LGBTQ+ en Italia cercana.",,,,,,
Kazajistán,"Kazajistán enfrenta en 2024 críticas internacionales por la falta de avances en derechos LGTBIQ+.
",Kazajistán no reconoce derechos legales para el colectivo y mantiene barreras culturales significativas.,2,"Es recomendable no ir o si se va, con muchísima precaución sin mostrar afecto en público. Recomendamos no usar apps de citas porque suelen haber encuentros homófobos. Sin embargo, Almatý tiene una emergente pero discreta comunidad LGBTQ+.",,,,,,
Uzbekistán,"Uzbekistán sigue criminalizando la homosexualidad en 2024, con penas que incluyen prisión.",Uzbekistán tiene una de las legislaciones más restrictivas hacia el colectivo LGTBIQ+ en Asia Central.,1,"Es recomendable no ir o si se va, con muchísima precaución sin mostrar afecto en público. Recomendamos no usar apps de citas porque suelen haber encuentros homófobos",,,,,,
Kirguistán,"Kirguistán mantiene leyes restrictivas hacia la comunidad LGTBIQ+, con retrocesos en 2024.",Kirguistán enfrenta barreras culturales y políticas para avanzar en derechos LGTBIQ+,2,"Es recomendable no ir o si se va, con muchísima precaución sin mostrar afecto en público. Recomendamos no usar apps de citas porque suelen haber encuentros homófobos",,,,,,
Tayikistán,"Tayikistán continúa en 2024 con políticas represivas hacia personas LGTBIQ+, incluyendo registros policiales.",Tayikistán no reconoce derechos legales y enfrenta críticas por persecución activa al colectivo.,1,"Es recomendable no ir o si se va, con muchísima precaución sin mostrar afecto en público. Recomendamos no usar apps de citas porque suelen haber encuentros homófobos",,,,,,
Turkmenistán,"Turkmenistán penaliza la homosexualidad con prisión, sin avances significativos en 2024",Turkmenistán tiene una de las legislaciones más restrictivas hacia personas LGTBIQ+ en el mundo.,1,"Es recomendable no ir o si se va, con muchísima precaución sin mostrar afecto en público. Recomendamos no usar apps de citas porque suelen haber encuentros homófobos",,,,,,
Georgia,Georgia promovió en 2024 campañas educativas para reducir la discriminación hacia personas LGTBIQ+.,"Georgia protege legalmente contra la discriminación, pero enfrenta barreras culturales significativas.",4,"Es un destino relativamente seguro. Busca eventos inclusivos en las principales ciudades. Tiflis tiene una creciente comunidad LGBTQ+, destacando los clubes underground.",,,,,,
Armenia,Armenia discutió en 2024 nuevas leyes para proteger a personas transgénero contra el acoso.,Armenia no reconoce derechos legales plenos para el colectivo LGTBIQ+ y enfrenta barreras sociales importantes.,3,Se recomienda viajar con precaución y evitar las manifestaciones de afecto en público y zonas rurales.Yereván tiene una pequeña escena LGBTQ+ emergente. ,,,,,,
Azerbaiyán,"Azerbaiyán enfrenta en 2024 críticas por la violencia hacia personas LGTBIQ+, con pocos avances legales.",Azerbaiyán no tiene protecciones legales y enfrenta altos niveles de discriminación.,3,"Se recomienda viajar con precaución y preferir áreas urbanas más abiertas. Bakú es algo más tolerante que otras áreas, pero es importante actuar con discreción.",,,,,,
Moldavia,Moldavia introdujo en 2024 un proyecto de ley para proteger a personas transgénero contra la discriminación.,"Moldavia permite uniones civiles para parejas del mismo sexo, pero no matrimonios igualitarios.",4,"Es un destino seguro para la comunidad LGTBIQ+. Chisináu tiene un modesto movimiento LGBTQ+, con eventos como el Pride local.",,,,,,
Romanía,Rumania fortaleció leyes contra crímenes de odio hacia el colectivo LGTBIQ+ en 2024.,"Rumania no reconoce matrimonios igualitarios, pero tiene leyes de protección limitadas.",4,Es un destino seguro para la comunidad LGTBIQ+. Bucarest tiene una vibrante escena LGBTQ+ y organiza el Bucharest Pride.,,,,,,
Bulgaria,Bulgaria enfrenta retos significativos en 2024 para avanzar en derechos LGTBIQ+.,"Bulgaria no reconoce uniones civiles ni matrimonios igualitarios, pero hay movimientos sociales activos.",4,Es un destino seguro para la comunidad LGTBIQ+. Sofía es inclusiva con una comunidad LGBTQ+ activa.,,,,,,
Serbia,"Serbia lanzó en 2024 campañas para reducir la violencia hacia personas LGTBIQ+, con apoyo internacional.","Serbia permite uniones civiles desde 2020, pero enfrenta barreras culturales para el matrimonio igualitario.",4,Es un destino seguro para la comunidad LGTBIQ+. Belgrado lidera con eventos como el Pride de Belgrado y bares LGBTQ+.,,,,,,
Montenegro,Montenegro aprobó en 2024 reformas legales que fortalecen los derechos laborales de personas LGTBIQ+.,Montenegro reconoce uniones civiles para parejas del mismo sexo desde 2020.,4,Es un destino seguro para la comunidad LGTBIQ+. Podgorica y Kotor están desarrollando una mayor aceptación LGBTQ+.,,,,,,
Albania,Albania avanzó en 2024 con campañas educativas para reducir el estigma hacia el colectivo LGTBIQ+.,"Albania tiene protecciones legales contra la discriminación, pero no reconoce matrimonios igualitarios.",3,"Se recomienda viajar con precaución y evitar las manifestaciones de afecto en público y zonas rurales.Tirana es relativamente amigable, con activistas LGBTQ+ visibles.",,,,,,
Bosnia y Herzegovina,Bosnia y Herzegovina trabajó en 2024 en una propuesta de ley para uniones civiles.,"Bosnia permite protecciones legales limitadas contra la discriminación, pero no reconoce uniones civiles ni matrimonios igualitarios.",3,Se recomienda viajar con precaución y evitar las manifestaciones de afecto en público y zonas rurales.Sarajevo tiene una pequeña pero creciente comunidad LGBTQ+.,,,,,,
Kosovo,Kosovo avanzó en 2024 con campañas educativas para combatir la discriminación hacia personas LGTBIQ+.,"Kosovo garantiza derechos básicos contra la discriminación, pero enfrenta barreras sociales significativas.",3,"Se recomienda viajar con precaución y evitar las manifestaciones de afecto en público y zonas rurales.Pristina es discreta, pero se están abriendo más espacios inclusivos.",,,,,,
Macedonia del Norte,Macedonia del Norte discutió en 2024 una propuesta para reconocer uniones civiles.,"Macedonia no reconoce matrimonios igualitarios y tiene protecciones legales limitadas.
",3,Se recomienda viajar con precaución y evitar las manifestaciones de afecto en público y zonas rurales.Skopie tiene una comunidad LGBTQ+ incipiente y activista.,,,,,,
Croacia,Croacia fortaleció en 2024 las leyes contra los crímenes de odio hacia el colectivo LGTBIQ+.,"Croacia reconoce uniones civiles para parejas del mismo sexo desde 2014, pero no matrimonios igualitarios.",4,"Es un destino seguro para la comunidad LGTBIQ+. Disfruta de la cultura y eventos locales. Zagreb y Dubrovnik son muy amigables, con eventos como el Zagreb Pride.",,,,,,
Eslovenia,"Eslovenia aprobó en 2024 nuevas medidas para garantizar la igualdad de derechos de personas transgénero.
",Eslovenia legalizó el matrimonio igualitario en 2022.,5,Es un destino seguro para la comunidad LGTBIQ+. Liubliana es una de las ciudades más inclusivas de Europa del Este.,,,,,,
Austria,"Austria legalizó el matrimonio igualitario en 2019 y tiene políticas inclusivas avanzadas.
",Austria lanzó en 2024 un proyecto para promover la igualdad en servicios públicos para personas LGTBIQ+.,5,Es un destino seguro para la comunidad LGTBIQ+. Viena destaca por su vibrante comunidad LGBTQ+ y eventos como el Life Ball.,,,,,,
Bielorrusia,Bielorrusia endureció en 2024 las restricciones hacia actividades relacionadas con el colectivo LGTBIQ+.,Bielorrusia no tiene protecciones legales y criminaliza indirectamente actos del colectivo.,2,"Se recomienda viajar con precaución y evitar las manifestaciones de afecto en público y zonas rurales. Eso sí, Minsk tiene un movimiento LGBTQ+ subterráneo pero activo.",,,,,,
Mongolia,Mongolia promovió en 2024 nuevas campañas de sensibilización sobre derechos LGTBIQ+.,"Mongolia despenalizó la homosexualidad en 1993, pero enfrenta barreras sociales significativas.",3,Se recomienda viajar con precaución y evitar las manifestaciones de afecto en público y zonas rurales. Ulán Bator está desarrollando una pequeña comunidad LGBTQ+,,,,,,
Zambia,Zambia enfrenta críticas en 2024 por la falta de avances en derechos LGTBIQ+ y mantiene leyes restrictivas.,"Zambia penaliza la homosexualidad con penas severas y enfrenta altos niveles de discriminación.
",2,"Es recomendable no ir o si se va, con muchísima precaución sin mostrar afecto en público. Recomendamos no usar apps de citas porque suelen haber encuentros homófobos",,,,,,
Malawi,"Malawi sigue penalizando la homosexualidad en 2024, con persecuciones legales y sociales.","Malawi mantiene leyes coloniales que criminalizan actos homosexuales con prisión.
",1,"Es recomendable no ir o si se va, con muchísima precaución sin mostrar afecto en público. Recomendamos no usar apps de citas porque suelen haber encuentros homófobos",,,,,,
Uganda,"Uganda aprobó en 2024 leyes más estrictas contra actos homosexuales, generando condenas internacionales.","Uganda criminaliza severamente la homosexualidad con penas de prisión y, en casos extremos, la pena de muerte.",1,"Es recomendable no ir o si se va, con muchísima precaución sin mostrar afecto en público. Recomendamos no usar apps de citas porque suelen haber encuentros homófobos",,,,,,
Kenia,Kenia mantiene barreras legales significativas contra los derechos LGTBIQ+ en 2024.,"Kenia penaliza los actos homosexuales, aunque hay un movimiento creciente de activismo por los derechos.",2,"Es recomendable no ir o si se va, con muchísima precaución sin mostrar afecto en público. Recomendamos no usar apps de citas porque suelen haber encuentros homófobos. Nairobi tiene una comunidad LGBTQ+ clandestina pero activa.",,,,,,
Tanzania,"Tanzania intensificó en 2024 las persecuciones hacia personas LGTBIQ+, generando alertas internacionales.","Tanzania criminaliza la homosexualidad y enfrenta críticas por la violencia hacia el colectivo.
",1,"Es recomendable no ir o si se va, con muchísima precaución sin mostrar afecto en público. Recomendamos no usar apps de citas porque suelen haber encuentros homófobos",,,,,,
Etiopía,Etiopía sigue manteniendo leyes restrictivas hacia el colectivo LGTBIQ+ en 2024.,Etiopía penaliza los actos homosexuales con penas de prisión y enfrenta barreras culturales significativas.,2,"Es recomendable no ir o si se va, con muchísima precaución sin mostrar afecto en público. Recomendamos no usar apps de citas porque suelen haber encuentros homófobos",,,,,,
Somalia,Somalia continúa con leyes de la Sharía que penalizan severamente la homosexualidad en 2024.,"Somalia aplica penas que incluyen prisión y, en algunas regiones, la pena de muerte hacia personas LGTBIQ+.",1,"Es recomendable no ir o si se va, con muchísima precaución sin mostrar afecto en público. Recomendamos no usar apps de citas porque suelen haber encuentros homófobos",,,,,,
Ruanda,Ruanda avanzó en 2024 con campañas para reducir la discriminación hacia personas LGTBIQ+.,"Ruanda no criminaliza la homosexualidad, pero enfrenta barreras culturales y sociales significativas.",3,"Se recomienda viajar con precaución y evitar las manifestaciones de afecto en público y zonas rurales.  Kigali es algo más tolerante, pero sin una escena LGBTQ+ público.",,,,,,
Botsuana,"Botsuana fortaleció en 2024 las leyes contra la discriminación hacia el colectivo LGTBIQ+
",Botsuana despenalizó la homosexualidad en 2019 y ha avanzado en la protección contra la discriminación.,3,Se recomienda viajar con precaución y evitar las manifestaciones de afecto en público y zonas rurales. Gaborone es relativamente amigable después de avances legales recientes.,,,,,,
Namibia,"Namibia introdujo en 2024 propuestas para legalizar el matrimonio igualitario, generando un debate nacional.","Namibia avanza lentamente en el reconocimiento de derechos LGTBIQ+, con despenalización parcial.",3,Se recomienda viajar con precaución y evitar las manifestaciones de afecto en público y zonas rurales. Windhoek tiene una pequeña comunidad LGBTQ+ activa.,,,,,,
Zimbabwe,"Zimbabwe enfrenta críticas por mantener leyes coloniales que penalizan la homosexualidad en 2024.
",Zimbabwe criminaliza los actos homosexuales y enfrenta altos niveles de violencia hacia el colectivo.,2,"Es recomendable no ir o si se va, con muchísima precaución sin mostrar afecto en público. Recomendamos no usar apps de citas porque suelen haber encuentros homófobos",,,,,,
Argelia,"Argelia mantiene en 2024 leyes restrictivas hacia actos homosexuales, con condenas internacionales por persecución.
",Argelia criminaliza la homosexualidad y enfrenta altos niveles de represión social y legal.,2,"Es recomendable no ir o si se va, con muchísima precaución sin mostrar afecto en público. Recomendamos no usar apps de citas porque suelen haber encuentros homófobos",,,,,,
Marruecos,"Marruecos penaliza actos homosexuales, pero en 2024 se discuten propuestas para reducir la discriminación.",Marruecos enfrenta críticas por detenciones arbitrarias hacia personas percibidas como LGTBIQ+.,2,"Es recomendable no ir o si se va, con muchísima precaución sin mostrar afecto en público. Recomendamos no usar apps de citas porque suelen haber encuentros homófobos. Marrakech es algo más inclusiva, pero la discreción sigue siendo importante.",,,,,,
Túnez,"Túnez discutió en 2024 la despenalización de la homosexualidad, pero enfrenta resistencia cultural.","Túnez penaliza la homosexualidad con penas de prisión, pero hay movimientos sociales activos por el cambio.",2,"Es recomendable no ir o si se va, con muchísima precaución sin mostrar afecto en público. Recomendamos no usar apps de citas porque suelen haber encuentros homófobos",,,,,,
Líbano,"Líbano debate en 2024 la eliminación de leyes que criminalizan la homosexualidad, con apoyo de la juventud.","Líbano enfrenta barreras legales y culturales, aunque hay un creciente movimiento de activismo.
",3,"Se recomienda viajar con precaución y evitar las manifestaciones de afecto en público y zonas rurales. Beirut es un oasis LGBTQ+ en Oriente Medio, con bares y eventos inclusivos.",,,,,,
Israel,Israel reforzó en 2024 los derechos de las personas transgénero con nuevas leyes de inclusión laboral.,"Israel es uno de los países más avanzados en derechos LGTBIQ+ en Medio Oriente, incluyendo el reconocimiento de uniones civiles.",4,Es un destino seguro para la comunidad LGTBIQ+. Tel Aviv es una ciudad muy LGBTQ+ friendly.,,,,,,
Palestina,"Palestina sigue enfrentando desafíos legales y culturales en 2024 hacia los derechos LGTBIQ+.
",Palestina no reconoce derechos legales para el colectivo y enfrenta barreras sociales significativas.,3,"Se recomienda viajar con precaución y evitar las manifestaciones de afecto en público y zonas rurales. Es conservadora, pero Jerusalén tiene algunas actividades LGBTQ+.",,,,,,
Bangladés,"Bangladés mantiene leyes restrictivas hacia actos homosexuales en 2024, generando condenas internacionales.
","Bangladés penaliza la homosexualidad bajo leyes coloniales, pero hay activismo emergente en defensa de derechos.",2,"Es recomendable no ir o si se va, con muchísima precaución sin mostrar afecto en público. Recomendamos no usar apps de citas porque suelen haber encuentros homófobos",,,,,,
Nepal,Nepal promueve en 2024 la implementación de leyes de igualdad para personas LGTBIQ+.,Nepal es el primer país en Asia del Sur en reconocer derechos legales para personas transgénero y matrimonios igualitarios en debate.,4,Es un destino relativamente seguro. Busca eventos inclusivos en las principales ciudades. Katmandú tiene una comunidad LGBTQ+ activa y organizaciones defensoras.,,,,,,
Bután,"Bután lanzó campañas educativas en 2024 para reducir la discriminación hacia personas LGTBIQ+.
",Bután despenalizó la homosexualidad en 2020 y trabaja hacia una mayor aceptación social.,3,"Muy conservador, pero los recientes cambios legales traen esperanza para la comunidad LGBTQ+.",,,,,,
Catar,"Catar sigue manteniendo leyes restrictivas hacia actos homosexuales en 2024.
","Catar criminaliza la homosexualidad con penas de prisión, pero enfrenta creciente presión internacional para reformas.",1,"Es recomendable no ir o si se va, con muchísima precaución sin mostrar afecto en público. Recomendamos no usar apps de citas porque suelen haber encuentros homófobos",,,,,,
Baréin,Baréin ha debatido en 2024 la implementación de protecciones limitadas contra la discriminación hacia personas LGTBIQ+.,"Baréin enfrenta barreras sociales significativas para avanzar en derechos LGTBIQ+, sin protecciones legales claras.
",3,"Restrictivo en temas LGBTQ+, pero algo más tolerante que otros países del Golfo.",,,,,,
Kuwait,"Kuwait mantiene estrictas leyes contra actos homosexuales, con detenciones reportadas en 2024.
",Kuwait criminaliza la homosexualidad y enfrenta críticas internacionales por la falta de derechos.,1,"Es recomendable no ir o si se va, con muchísima precaución sin mostrar afecto en público. Recomendamos no usar apps de citas porque suelen haber encuentros homófobos",,,,,,
Omán,"Omán penaliza los actos homosexuales, pero en 2024 hubo un debate sobre leyes más inclusivas.
",Omán enfrenta barreras culturales y legales para avanzar en derechos LGTBIQ+.,2,"Es recomendable no ir o si se va, con muchísima precaución sin mostrar afecto en público. Recomendamos no usar apps de citas porque suelen haber encuentros homófobos",,,,,,
Yemen,"Yemen sigue aplicando estrictas leyes de la Sharía en 2024, incluyendo la pena de muerte para actos homosexuales.
",Yemen tiene una de las legislaciones más represivas hacia el colectivo LGTBIQ+ en el mundo.,1,"Es recomendable no ir o si se va, con muchísima precaución sin mostrar afecto en público. Recomendamos no usar apps de citas porque suelen haber encuentros homófobos",,,,,,
Mozambique,"Mozambique fortaleció en 2024 las protecciones legales hacia personas transgénero.
",Mozambique despenalizó la homosexualidad en 2015 y trabaja hacia la aceptación social.,3,Se recomienda viajar con precaución y evitar las manifestaciones de afecto en público y zonas rurales. Maputo es relativamente amigable gracias a recientes cambios legales.,,,,,,
Esuatini,"Esuatini mantiene leyes coloniales contra actos homosexuales, con presión internacional en 2024 para su reforma.","Esuatini penaliza la homosexualidad, pero enfrenta crecientes movimientos sociales a favor de los derechos.
",2,"Es recomendable no ir o si se va, con muchísima precaución sin mostrar afecto en público. Recomendamos no usar apps de citas porque suelen haber encuentros homófobos, aunque hay una comunidad LGBTQ+ emergente.",,,,,,
Lesoto,"Lesoto no reconoce derechos legales para personas LGTBIQ+, pero en 2024 surgieron movimientos sociales por la igualdad.",Lesoto enfrenta barreras legales y culturales para avanzar en derechos.,3,"Se recomienda viajar con precaución y evitar las manifestaciones de afecto en público y zonas rurales. A pesar de no haber una escena LGBTQ+ público, pero se considera seguro.",,,,,,
Angola,"Angola fortaleció en 2024 las leyes contra la discriminación hacia personas LGTBIQ+
",Angola despenalizó la homosexualidad en 2019 y continúa avanzando hacia mayores protecciones legales.,3,Se recomienda viajar con precaución y evitar las manifestaciones de afecto en público y zonas rurales. Luanda es inclusiva después de avances legales recientes.,,,,,,
Maldivas,"Maldivas mantiene en 2024 leyes de la Sharía que penalizan la homosexualidad.
",Maldivas enfrenta críticas por la falta de derechos legales y la persecución social hacia personas LGTBIQ+.,2,"Es recomendable no ir o si se va, con muchísima precaución sin mostrar afecto en público. Recomendamos no usar apps de citas porque suelen haber encuentros homófobos",,,,,,
Sri Lanka,"Sri Lanka debatió en 2024 reformas para despenalizar la homosexualidad, aunque enfrenta resistencia cultural.","Sri Lanka criminaliza actos homosexuales bajo leyes coloniales, pero hay un movimiento activo por los derechos.",2,"Es recomendable no ir o si se va, con muchísima precaución sin mostrar afecto en público. Recomendamos no usar apps de citas porque suelen haber encuentros homófobos. Sin embargo, Colombo tiene espacios LGBTQ+ discretos pero activos.",,,,,,
Myanmar,"Myanmar intensificó en 2024 las restricciones hacia personas LGTBIQ+, generando condenas internacionales.",Myanmar penaliza la homosexualidad y enfrenta altos niveles de violencia hacia el colectivo.,2,"Es recomendable no ir o si se va, con muchísima precaución sin mostrar afecto en público. Recomendamos no usar apps de citas porque suelen haber encuentros homófobos. Sin embargo, Yangon tiene una emergente pero pequeña comunidad LGBTQ+.",,,,,,
Laos,"Laos enfrenta barreras culturales y legales significativas para avanzar en derechos LGTBIQ+ en 2024.
",Laos no tiene leyes específicas de protección ni reconocimiento para el colectivo LGTBIQ+.,3,Se recomienda viajar con precaución y evitar las manifestaciones de afecto en público y zonas rurales. Vientián tiene una pequeña comunidad LGBTQ+.,,,,,,
Camboya,"Camboya promueve en 2024 programas educativos para reducir la discriminación hacia personas LGTBIQ+.
","Camboya no criminaliza la homosexualidad, pero carece de protecciones legales específicas.",3,Se recomienda viajar con precaución y evitar las manifestaciones de afecto en público y zonas rurales. Nom Pen y Siem Reap tienen una creciente comunidad LGBTQ+.,,,,,,
Brunéi,"Brunéi aplica estrictas leyes de la Sharía que penalizan la homosexualidad con penas severas en 2024.
",Brunéi enfrenta críticas internacionales por su legislación altamente restrictiva hacia el colectivo.,2,"Es recomendable no ir o si se va, con muchísima precaución sin mostrar afecto en público. Recomendamos no usar apps de citas porque suelen haber encuentros homófobos",,,,,,
Timor Oriental,"Timor Oriental sigue debatiendo en 2024 leyes para proteger contra la discriminación hacia personas LGTBIQ+.
","Timor Oriental no criminaliza la homosexualidad, pero enfrenta barreras sociales significativas.",3,Se recomienda viajar con precaución y evitar las manifestaciones de afecto en público y zonas rurales. Dili tiene una pequeña pero visible comunidad LGBTQ+.,,,,,,
Papúa Nueva Guinea,Papúa Nueva Guinea mantiene leyes coloniales que penalizan la homosexualidad en 2024.,Papúa Nueva Guinea enfrenta barreras legales y culturales significativas para avanzar en derechos.,2,"Es recomendable no ir o si se va, con muchísima precaución sin mostrar afecto en público. Recomendamos no usar apps de citas porque suelen haber encuentros homófobos",,,,,,
Fiyi,"Fiyi introdujo en 2024 una campaña nacional contra la discriminación hacia personas LGTBIQ+.
","Fiyi despenalizó la homosexualidad en 2010, pero enfrenta barreras culturales significativas.",3,"Se recomienda viajar con precaución y evitar las manifestaciones de afecto en público y zonas rurales. Suva es inclusiva, con una comunidad LGBTQ+ vibrante.",,,,,,
Samoa,"Samoa mantiene leyes coloniales que penalizan la homosexualidad, con retrocesos legales en 2024.
",Samoa enfrenta barreras sociales y culturales para avanzar en derechos LGTBIQ+.,2,"Es recomendable no ir o si se va, con muchísima precaución sin mostrar afecto en público. Recomendamos no usar apps de citas porque suelen haber encuentros homófobos. Sin embargo, culturalmente es tolerante hacia algunas identidades LGBTQ+.",,,,,,
Tonga,"Tonga continúa penalizando la homosexualidad en 2024 bajo leyes coloniales.
",Tonga enfrenta críticas internacionales por la falta de protecciones legales hacia el colectivo.,2,"Es recomendable no ir o si se va, con muchísima precaución sin mostrar afecto en público. Recomendamos no usar apps de citas porque suelen haber encuentros homófobos. Sin embargo, hay aceptación cultural hacia algunas identidades de género.",,,,,,
Vanuatu,Vanuatu lanzó en 2024 una iniciativa educativa para promover la aceptación del colectivo LGTBIQ+.,"Vanuatu no penaliza la homosexualidad, pero carece de protecciones legales específicas.",3,Se recomienda viajar con precaución y evitar las manifestaciones de afecto en público y zonas rurales. ,,,,,,
Islas Salomón,Islas Salomón mantiene leyes coloniales contra actos homosexuales en 2024.,"Islas Salomón penaliza la homosexualidad, pero hay crecientes movimientos sociales por el cambio.",2,"Es recomendable no ir o si se va, con muchísima precaución sin mostrar afecto en público. Recomendamos no usar apps de citas porque suelen haber encuentros homófobos",,,,,,
Kiribati,Kiribati penaliza la homosexualidad y enfrenta barreras culturales significativas en 2024.,Kiribati carece de protecciones legales y enfrenta altos niveles de discriminación social.,3,"Se recomienda viajar con precaución y evitar las manifestaciones de afecto en público y zonas rurales. Es muy conservador, pero tranquilo para viajeros discretos.",,,,,,
Nauru,"Nauru despenalizó la homosexualidad en 2016, pero en 2024 aún enfrenta barreras culturales.",Nauru no cuenta con protecciones legales específicas hacia el colectivo LGTBIQ+.,3,Se recomienda viajar con precaución y evitar las manifestaciones de afecto en público y zonas rurales. ,,,,,,
Tuvalu,"Tuvalu mantiene leyes que penalizan la homosexualidad, pero en 2024 hubo llamados internacionales para reformas.",Tuvalu enfrenta barreras legales y sociales significativas.,3,Se recomienda viajar con precaución y evitar las manifestaciones de afecto en público y zonas rurales. ,,,,,,
Micronesia,"Micronesia no penaliza la homosexualidad, pero en 2024 carece de avances en derechos LGTBIQ+.
",Micronesia no tiene leyes específicas de protección ni reconocimiento para el colectivo.,3,"Se recomienda viajar con precaución y evitar las manifestaciones de afecto en público y zonas rurales. Pohnpei tiene una comunidad LGBTQ+ pequeña pero acogedora.
",,,,,,
Islas Marshall,"Islas Marshall sigue debatiendo en 2024 sobre leyes inclusivas para proteger a personas LGTBIQ+.
","Islas Marshall no penaliza la homosexualidad, pero no cuenta con protecciones legales claras.",3,"Se recomienda viajar con precaución y evitar las manifestaciones de afecto en público y zonas rurales. Conservador, aunque se tolera la diversidad si no es público.",,,,,,
Groenlandia,Groenlandia avanzó en 2024 con campañas contra el acoso escolar hacia jóvenes LGTBIQ+.,Groenlandia legalizó el matrimonio igualitario en 2016 y tiene protecciones robustas.,5,Es un destino seguro para la comunidad LGTBIQ+. Disfruta de la cultura y eventos locales.Nuuk es inclusiva y abierta hacia LGBTQ+.,,,,,,
"Antártida
","Antártida no tiene una jurisdicción local que regule los derechos LGTBIQ+, ya que depende de los países reclamantes.","En las bases internacionales se busca mantener un entorno inclusivo, pero no existen leyes específicas.",5,"Es un destino seguro para la comunidad LGTBIQ+. No hay restricciones, pero depende del origen de los visitantes.",,,,,,
Cabo Verde,"Cabo Verde reforzó en 2024 las leyes contra la discriminación hacia el colectivo LGTBIQ+.
",Cabo Verde despenalizó la homosexualidad en 2004 y sigue promoviendo políticas inclusivas.,4,Es un destino relativamente seguro. Busca eventos inclusivos en las principales ciudades. Praia es inclusiva y organiza eventos LGBTQ+.,,,,,,
Seychelles,Seychelles promovió campañas de sensibilización contra la discriminación hacia el colectivo en 2024.,Seychelles despenalizó la homosexualidad en 2016 y trabaja hacia la aceptación social.,4,Es un destino relativamente seguro. Busca eventos inclusivos en las principales ciudades. Victoria es acogedora y segura para LGBTQ+,,,,,,
Mauricio,"Mauricio enfrenta retos sociales significativos en 2024 para implementar protecciones legales hacia el colectivo.
","Mauricio no penaliza la homosexualidad, pero no tiene derechos legales plenos para el colectivo.",3,Se recomienda viajar con precaución y evitar las manifestaciones de afecto en público y zonas rurales. Port Louis y los resorts turísticos son amigables.,,,,,,
Comoras,"Comoras penaliza la homosexualidad con penas de prisión, sin avances legales en 2024.",Comoras enfrenta barreras culturales significativas y no reconoce derechos legales para el colectivo LGTBIQ+.,1,"Es recomendable no ir o si se va, con muchísima precaución sin mostrar afecto en público. Recomendamos no usar apps de citas porque suelen haber encuentros homófobos.",,,,,,
Madagascar,"Madagascar no penaliza la homosexualidad, pero enfrenta discriminación social en 2024.
",Madagascar carece de protecciones legales específicas hacia el colectivo LGTBIQ+.,3,Se recomienda viajar con precaución y evitar las manifestaciones de afecto en público y zonas rurales. Antananarivo tiene una pequeña pero inclusiva comunidad LGBTQ+.,,,,,,
Guinea-Bisáu,"Guinea-Bisáu despenalizó la homosexualidad, pero enfrenta retos sociales significativos en 2024.
",Guinea-Bisáu no cuenta con protecciones legales específicas hacia el colectivo LGTBIQ+.,3,"Se recomienda viajar con precaución y evitar las manifestaciones de afecto en público y zonas rurales. Conservador, pero tranquilo si se actúa con discreción.",,,,,,
Liberia,"Liberia mantiene leyes restrictivas hacia la homosexualidad en 2024, con crecientes movimientos sociales por los derechos.",Liberia enfrenta barreras culturales significativas para avanzar en derechos LGTBIQ+.,2,"Es recomendable no ir o si se va, con muchísima precaución sin mostrar afecto en público. Recomendamos no usar apps de citas porque suelen haber encuentros homófobos",,,,,,
Sierra Leona,"Sierra Leona mantiene leyes coloniales que penalizan la homosexualidad en 2024.
",Sierra Leona enfrenta altos niveles de discriminación y violencia hacia el colectivo LGTBIQ+.,1,"Es recomendable no ir o si se va, con muchísima precaución sin mostrar afecto en público. Recomendamos no usar apps de citas porque suelen haber encuentros homófobos",,,,,,
Guinea,Guinea penaliza los actos homosexuales y enfrenta críticas internacionales en 2024.,Guinea tiene leyes restrictivas y altos niveles de violencia hacia personas LGTBIQ+.,1,"Es recomendable no ir o si se va, con muchísima precaución sin mostrar afecto en público. Recomendamos no usar apps de citas porque suelen haber encuentros homófobos",,,,,,
Eritrea,"Eritrea mantiene estrictas leyes contra actos homosexuales, con detenciones reportadas en 2024.",Eritrea penaliza la homosexualidad con penas de prisión y enfrenta altos niveles de represión social.,1,"Es recomendable no ir o si se va, con muchísima precaución sin mostrar afecto en público. Recomendamos no usar apps de citas porque suelen haber encuentros homófobos",,,,,,
Sudán del Sur,Sudán del Sur enfrenta críticas en 2024 por la falta de avances hacia los derechos LGTBIQ+.,Sudán del Sur penaliza los actos homosexuales y enfrenta barreras culturales significativas.,2,"Es recomendable no ir o si se va, con muchísima precaución sin mostrar afecto en público. Recomendamos no usar apps de citas porque suelen haber encuentros homófobos",,,,,,
Gambia,"Gambia endureció en 2024 las leyes contra actos homosexuales, con críticas internacionales.",Gambia penaliza la homosexualidad con penas severas y enfrenta altos niveles de discriminación.,2,"Es recomendable no ir o si se va, con muchísima precaución sin mostrar afecto en público. Recomendamos no usar apps de citas porque suelen haber encuentros homófobos",,,,,,
Níger,"Níger no penaliza la homosexualidad, pero enfrenta altos niveles de discriminación en 2024.",Níger carece de protecciones legales específicas hacia el colectivo LGTBIQ+.,3,Se recomienda viajar con precaución y evitar las manifestaciones de afecto en público y zonas rurales. Conservador; la discreción es esencial.,,,,,,
Togo,"Togo mantiene leyes restrictivas hacia el colectivo LGTBIQ+, con retrocesos reportados en 2024.",Togo penaliza la homosexualidad con penas de prisión y enfrenta barreras sociales significativas.,1,"Es recomendable no ir o si se va, con muchísima precaución sin mostrar afecto en público. Recomendamos no usar apps de citas porque suelen haber encuentros homófobos",,,,,,
Benín,Benín lanzó en 2024 campañas educativas para reducir la discriminación hacia personas LGTBIQ+.,"Benín no penaliza la homosexualidad, pero carece de protecciones legales específicas.",3,"Se recomienda viajar con precaución y evitar las manifestaciones de afecto en público y zonas rurales. Relativamente más tolerante, pero discreción necesaria.",,,,,,
Burkina Faso,Burkina Faso enfrenta barreras sociales y culturales significativas para avanzar en derechos LGTBIQ+ en 2024.,"Burkina Faso no penaliza la homosexualidad, pero carece de derechos legales claros.",3,"Se recomienda viajar con precaución y evitar las manifestaciones de afecto en público y zonas rurales. No hay una escena LGBTQ+ público, pero es seguro si se es discretx.",,,,,,
Malí,"Malí mantiene leyes restrictivas hacia el colectivo LGTBIQ+ en 2024, con crecientes críticas internacionales.",Malí penaliza los actos homosexuales y enfrenta altos niveles de discriminación.,2,"Es recomendable no ir o si se va, con muchísima precaución sin mostrar afecto en público. Recomendamos no usar apps de citas porque suelen haber encuentros homófobos",,,,,,
Senegal,Senegal sigue penalizando la homosexualidad con penas severas en 2024.,Senegal enfrenta críticas internacionales por la violencia hacia personas LGTBIQ+ y su legislación restrictiva.,2,"Es recomendable no ir o si se va, con muchísima precaución sin mostrar afecto en público. Recomendamos no usar apps de citas porque suelen haber encuentros homófobos",,,,,,
Mauritania,"Mauritania aplica estrictas leyes de la Sharía, incluyendo la pena de muerte para actos homosexuales.",Mauritania es uno de los países más represivos hacia el colectivo LGTBIQ+ en el mundo.,1,"Es recomendable no ir o si se va, con muchísima precaución sin mostrar afecto en público. Recomendamos no usar apps de citas porque suelen haber encuentros homófobos",,,,,,
Gabón,Gabón fortaleció en 2024 las leyes contra la discriminación hacia el colectivo LGTBIQ+.,Gabón despenalizó la homosexualidad en 2020 y trabaja en la aceptación social.,3,Se recomienda viajar con precaución y evitar las manifestaciones de afecto en público y zonas rurales. Libreville es relativamente más tolerante.,,,,,,
Repúblico del Congo,"Repúblico del Congo no penaliza la homosexualidad, pero en 2024 sigue enfrentando altos niveles de discriminación.",Repúblico del Congo no tiene protecciones legales específicas para el colectivo.,3,Se recomienda viajar con precaución y evitar las manifestaciones de afecto en público y zonas rurales. Brazzaville tiene una pequeña comunidad LGBTQ+.,,,,,,
Repúblico Democrática del Congo,"Repúblico Democrática del Congo no penaliza la homosexualidad, pero enfrenta barreras sociales significativas en 2024.",Repúblico Democrática del Congo no cuenta con leyes de protección hacia el colectivo LGTBIQ+.,3,"Se recomienda viajar con precaución y evitar las manifestaciones de afecto en público y zonas rurales. Muy conservador, se debe ser muy  discretx.",,,,,,
Chad,"Chad mantiene leyes restrictivas hacia el colectivo LGTBIQ+ en 2024, con crecientes críticas internacionales.",Chad penaliza los actos homosexuales con penas severas.,2,"Es recomendable no ir o si se va, con muchísima precaución sin mostrar afecto en público. Recomendamos no usar apps de citas porque suelen haber encuentros homófobos",,,,,,
Repúblico Centroafricana,"Repúblico Centroafricana no penaliza la homosexualidad, pero enfrenta altos niveles de violencia y discriminación.",Repúblico Centroafricana carece de protecciones legales claras hacia el colectivo LGTBIQ+.,2,"Es recomendable no ir o si se va, con muchísima precaución sin mostrar afecto en público. Recomendamos no usar apps de citas porque suelen haber encuentros homófobos",,,,,,
Somalilandia,Somalilandia sigue penalizando la homosexualidad con penas severas en 2024.,Somalilandia aplica leyes basadas en la Sharía y enfrenta críticas internacionales por su represión hacia el colectivo LGTBIQ+.,1,"Es recomendable no ir o si se va, con muchísima precaución sin mostrar afecto en público. Recomendamos no usar apps de citas porque suelen haber encuentros homófobos. ",,,,,,
Siria,Siria enfrenta altos niveles de discriminación hacia personas LGTBIQ+ en 2024.,Siria aplica leyes restrictivas hacia actos homosexuales y enfrenta violencia cultural hacia el colectivo.,1,"Es recomendable no ir o si se va, con muchísima precaución sin mostrar afecto en público. Recomendamos no usar apps de citas porque suelen haber encuentros homófobos. ",,,,,,
Irak,"Irak intensificó las restricciones hacia personas LGTBIQ+ en 2024, con violencia reportada.",Irak aplica leyes ambiguas para perseguir actos homosexuales y enfrenta altos niveles de discriminación.,1,"Es recomendable no ir o si se va, con muchísima precaución sin mostrar afecto en público. Recomendamos no usar apps de citas porque suelen haber encuentros homófobos. ",,,,,,
Haití,"Haití enfrenta desafíos significativos en 2024 para proteger los derechos LGTBIQ+, con activismo creciente.","Haití no penaliza la homosexualidad, pero carece de leyes que protejan a las personas LGTBIQ+ contra la discriminación.",3,Se recomienda viajar con precaución y evitar las manifestaciones de afecto en público y zonas rurales. Puerto Príncipe tiene una comunidad LGBTQ+ valiente y emergente.,,,,,,
Surinam,Surinam comenzó a discutir en 2024 la posible legalización de las uniones civiles.,"Surinam no penaliza la homosexualidad, pero enfrenta barreras culturales significativas para avanzar en derechos LGTBIQ+.
",3,Se recomienda viajar con precaución y evitar las manifestaciones de afecto en público y zonas rurales. Paramaribo tiene una pequeña pero activa comunidad LGBTQ+.,,,,,,
Guyana,Guyana sigue siendo el único país en América del Sur donde la homosexualidad sigue penalizada en 2024.,"Guyana enfrenta críticas internacionales por leyes coloniales que criminalizan actos homosexuales.
",2,"Es recomendable no ir o si se va, con muchísima precaución sin mostrar afecto en público. Recomendamos no usar apps de citas porque suelen haber encuentros homófobos. A pesar de ello, Georgetown tiene un movimiento LGBTQ+ creciente.",,,,,,
Santa Lucía,Santa Lucía enfrenta barreras sociales para avanzar en derechos LGTBIQ+ en 2024.,"Santa Lucía mantiene leyes coloniales que penalizan la homosexualidad, aunque no son estrictamente aplicadas.",2,"Es recomendable no ir o si se va, con muchísima precaución sin mostrar afecto en público. Recomendamos no usar apps de citas porque suelen haber encuentros homófobos. Sin embargo, es amigable en resorts turísticos.",,,,,,
San Vicente y las Granadinas,San Vicente y las Granadinas discutieron reformas en 2024 para despenalizar la homosexualidad.,"El país penaliza actos homosexuales bajo leyes coloniales, pero enfrenta presión internacional para reformar.",2,"Es recomendable no ir o si se va, con muchísima precaución sin mostrar afecto en público. Recomendamos no usar apps de citas porque suelen haber encuentros homófobos. Sin embargo, es amigable en resorts turísticos.",,,,,,
Antigua y Barbuda,"Antigua y Barbuda despenalizó la homosexualidad en 2022, pero enfrenta retos para implementar protecciones legales en 2024.","Antigua y Barbuda está trabajando hacia una mayor aceptación social, pero aún enfrenta barreras culturales.",3,Se recomienda viajar con precaución y evitar las manifestaciones de afecto en público y zonas rurales. Discreto pero amigable en áreas turísticas.,,,,,,
Barbados,Barbados avanzó en 2024 con reformas legales para proteger los derechos LGTBIQ+.,Barbados despenalizó la homosexualidad en 2022 y sigue trabajando en la inclusión social.,4,Es un destino relativamente seguro. Busca eventos inclusivos en las principales ciudades. Bridgetown tiene un movimiento LGBTQ+ emergente.,,,,,,
Granada,Granada sigue enfrentando barreras sociales para garantizar los derechos LGTBIQ+ en 2024.,"Granada mantiene leyes coloniales contra actos homosexuales, aunque no suelen aplicarse estrictamente.
",3,Se recomienda viajar con precaución y evitar las manifestaciones de afecto en público y zonas rurales. Discreto pero amigable en espacios turísticos.,,,,,,
Trinidad y Tobago,Trinidad y Tobago inició campañas educativas en 2024 para reducir la discriminación hacia personas LGTBIQ+.,Trinidad y Tobago despenalizó la homosexualidad en 2018 y trabaja hacia la igualdad social.,4,Es un destino relativamente seguro. Busca eventos inclusivos en las principales ciudades. Puerto España tiene una comunidad LGBTQ+ activa.,,,,,,
Belice,Belice fortaleció en 2024 las leyes contra la discriminación hacia personas LGTBIQ+.,Belice despenalizó la homosexualidad en 2016 y está avanzando en la aceptación social.,4,Es un destino relativamente seguro. Busca eventos inclusivos en las principales ciudades. Belmopán y San Pedro son amigables tras avances legales recientes.,,,,,,
Paraguay,"Paraguay sigue enfrentando barreras culturales significativas en 2024 para aprobar leyes inclusivas.
",Paraguay no reconoce matrimonios igualitarios ni tiene protecciones legales específicas para el colectivo LGTBIQ+.,3,Se recomienda viajar con precaución y evitar las manifestaciones de afecto en público y zonas rurales. Asunción tiene una pequeña pero creciente escena LGBTQ+.,,,,,,
Bahamas,Bahamas promovió en 2024 iniciativas para reducir los crímenes de odio contra personas LGTBIQ+.,"Bahamas no penaliza la homosexualidad, pero carece de leyes específicas para proteger al colectivo.",3,Se recomienda viajar con precaución y evitar las manifestaciones de afecto en público y zonas rurales. Nassau y Freeport tienen resorts LGBTQ+ inclusivos.,,,,,,
Dominica,"Dominica enfrenta presión internacional para despenalizar la homosexualidad, pero no hubo avances en 2024,",Dominica mantiene leyes coloniales que criminalizan actos homosexuales.,2,"Es recomendable no ir o si se va, con muchísima precaución sin mostrar afecto en público. Recomendamos no usar apps de citas porque suelen haber encuentros homófobos. Es conservador, pero se aceptan turistas LGBTQ+ en áreas turísticas.",,,,,,
Chile,Chile reforzó en 2024 las políticas de inclusión laboral para personas transgénero.,"Chile legalizó el matrimonio igualitario en 2021, avanzando significativamente en la región hacia la igualdad de derechos.",5,"Santiago y Valparaíso son altamente inclusivos, con eventos como el Pride de Santiago.",,,,,,
Singapur,"En 2024, Singapur inició debates sobre la implementación de leyes contra la discriminación hacia la comunidad LGTBIQ+, aunque sin avances significativos.","Singapur despenalizó la homosexualidad en 2022 al derogar la Sección 377A, pero no reconoce uniones civiles ni matrimonios igualitarios, y enfrenta barreras sociales significativas.",4,"Es un destino relativamente seguro. Busca eventos inclusivos en las principales ciudades. Aunque conservador, hay una comunidad LGBTQ+ activa y bares inclusivos.",,,,,,
Camerún,"Camerún intensificó en 2024 las restricciones legales hacia personas LGTBIQ+, con detenciones reportadas.","Camerún penaliza los actos homosexuales con penas de prisión y enfrenta críticas internacionales por su represión hacia el colectivo.
",1,"Es recomendable no ir o si se va, con muchísima precaución sin mostrar afecto en público. Recomendamos no usar apps de citas porque suelen haber encuentros homófobos. ",,,,,,
Colombia,Colombia avanzó en 2024 con políticas para proteger a personas transgénero en entornos laborales.,"Colombia legalizó el matrimonio igualitario en 2016 y cuenta con protecciones robustas para los derechos LGTBIQ+.
",5,Es un destino seguro para la comunidad LGTBIQ+. Disfruta de la cultura y eventos locales. Bogotá y Medellín lideran la escena LGBTQ+ con vibrantes eventos.,,,,,,
Emiratos Árabes Unidos,"Los Emiratos Árabes Unidos mantienen restricciones legales hacia actos homosexuales, sin avances en 2024.","Los Emiratos aplican leyes basadas en la Sharía que penalizan severamente la homosexualidad, aunque no siempre son estrictamente implementadas.
",1,"Es recomendable no ir o si se va, con muchísima precaución sin mostrar afecto en público. Recomendamos no usar apps de citas porque suelen haber encuentros homófobos. Sin embargo, Dubái y Abu Dhabi son algo más tolerantes en entornos privados.",,,,,,
Ghana,"Ghana discutió en 2024 un proyecto de ley que incrementa las penas para actos homosexuales, generando condenas internacionales.","Ghana penaliza los actos homosexuales con penas de prisión, enfrentando altos niveles de discriminación y violencia.
",1,"Es recomendable no ir o si se va, con muchísima precaución sin mostrar afecto en público. Recomendamos no usar apps de citas porque suelen haber encuentros homófobos. Conservador, pero hay un movimiento LGBTQ+ emergente.",,,,,,
Guinea Ecuatorial,Guinea Ecuatorial sigue enfrentando barreras sociales significativas hacia los derechos LGTBIQ+ en 2024.,"Guinea Ecuatorial no penaliza la homosexualidad, pero carece de leyes específicas que protejan al colectivo.",3,Se recomienda viajar con precaución y evitar las manifestaciones de afecto en público y zonas rurales. ,,,,,,
Jordania,Jordania inició en 2024 campañas para reducir la discriminación en entornos laborales hacia personas LGTBIQ+.,"Jordania no penaliza la homosexualidad, pero enfrenta altos niveles de discriminación social y carece de protecciones legales específicas.",3,"Se recomienda viajar con precaución y evitar las manifestaciones de afecto en público y zonas rurales. Amán es algo más tolerante, especialmente en círculos artísticos.",,,,,,
Libia,"Libia sigue penalizando la homosexualidad bajo estrictas leyes de la Sharía en 2024.
","Libia aplica penas severas por actos homosexuales, enfrentando altos niveles de represión social y legal.",2,"Es recomendable no ir o si se va, con muchísima precaución sin mostrar afecto en público. Recomendamos no usar apps de citas porque suelen haber encuentros homófobos. ",,,,,,
Vaticano,"El Vaticano reiteró en 2024 su postura de rechazo hacia el matrimonio igualitario, aunque abogó por respeto hacia las personas LGTBIQ+.","El Vaticano no reconoce derechos para el colectivo LGTBIQ+, aunque el Papa Francisco ha promovido un discurso más inclusivo en temas de respeto.
",4,"Es un destino relativamente seguro. Busca eventos inclusivos en las principales ciudades. Sin una escena LGBTQ+, pero los turistas LGBTQ+ son bienvenidos.",,,,,,
San Cristóbal y Nieves,"San Cristóbal y Nieves despenalizó la homosexualidad en 2022, pero enfrenta desafíos culturales en 2024.","El país avanza hacia la inclusión social, pero carece de leyes específicas de protección para el colectivo.
",3,Se recomienda viajar con precaución y evitar las manifestaciones de afecto en público y zonas rurales. Discreto pero amigable en áreas turísticas.,,,,,,
,,,,,,,,,,
,,,,,,,,,,
,,,,,,,,,,
,,,,,,,,,,
,,,,,,,,,,
,,,,,,,,,,
,,,,,,,,,,
,,,,,,,,,,
,,,,,,,,,,
,,,,,,,,,,
,,,,,,,,,,
,,,,,,,,,,
,,,,,,,,,,
,,,,,,,,,,
,,,,,,,,,,
,,,,,,,,,,
,,,,,,,,,,
,,,,,,,,,,
,,,,,,,,,,
,,,,,,,,,,
,,,,,,,,,,
,,,,,,,,,,
,,,,,,,,,,
,,,,,,,,,,
,,,,,,,,,,
,,,,,,,,,,
,,,,,,,,,,
,,,,,,,,,,
,,,,,,,,,,
,,,,,,,,,,
,,,,,,,,,,
,,,,,,,,,,
,,,,,,,,,,
,,,,,,,,,,
,,,,,,,,,,
,,,,,,,,,,
,,,,,,,,,,
,,,,,,,,,,
,,,,,,,,,,
,,,,,,,,,,
,,,,,,,,,,
,,,,,,,,,,
,,,,,,,,,,
,,,,,,,,,,
,,,,,,,,,,
,,,,,,,,,,
,,,,,,,,,,
,,,,,,,,,,
,,,,,,,,,,
,,,,,,,,,,
,,,,,,,,,,
,,,,,,,,,,
,,,,,,,,,,
,,,,,,,,,,
,,,,,,,,,,
,,,,,,,,,,
,,,,,,,,,,
,,,,,,,,,,
,,,,,,,,,,
,,,,,,,,,,
,,,,,,,,,,
,,,,,,,,,,
,,,,,,,,,,
,,,,,,,,,,
,,,,,,,,,,
,,,,,,,,,,
,,,,,,,,,,
,,,,,,,,,,
,,,,,,,,,,
,,,,,,,,,,
,,,,,,,,,,
,,,,,,,,,,
,,,,,,,,,,
,,,,,,,,,,
,,,,,,,,,,
